#	Title	Acceptance	Difficulty
1	Two Sum	17.7%	Medium
2	Add Two Numbers	20.8%	Medium
3	Longest Substring Without Repeating Characters	20.4%	Medium
4	Median of Two Sorted Arrays	17.3%	Hard
5	Longest Palindromic Substring	20.7%	Medium
6	ZigZag Conversion	21.7%	Easy
7	Reverse Integer	24.6%	Easy
8	String to Integer (atoi)	12.9%	Easy
9	Palindrome Number	28.4%	Easy
10	Regular Expression Matching	20.7%	Hard
11	Container With Most Water	31.9%	Medium
12	Integer to Roman	33.8%	Medium
13	Roman to Integer	34.1%	Easy
14	Longest Common Prefix	25.5%	Easy
15	3Sum	16.9%	Medium
16	3Sum Closest	26.9%	Medium
17	Letter Combinations of a Phone Number	25.7%	Medium
18	4Sum	21.7%	Medium
19	Remove Nth Node From End of List	27.0%	Easy
20	Valid Parentheses	26.5%	Easy
21	Merge Two Sorted Lists	32.6%	Easy
22	Generate Parentheses	32.6%	Medium
23	Merge k Sorted Lists	21.1%	Hard
24	Swap Nodes in Pairs	32.4%	Medium
25	Reverse Nodes in k-Group	25.4%	Hard
26	Remove Duplicates from Sorted Array	31.1%	Easy
27	Remove Element	32.0%	Easy
28	Implement strStr()	22.3%	Easy
29	Divide Two Integers	15.0%	Medium
30	Substring with Concatenation of All Words	19.5%	Hard
31	Next Permutation	24.9%	Medium
32	Longest Valid Parentheses	20.9%	Hard
33	Search in Rotated Sorted Array	28.8%	Hard
34	Search for a Range	27.5%	Medium
35	Search Insert Position	35.4%	Medium
36	Valid Sudoku	27.2%	Easy
37	Sudoku Solver	21.9%	Hard
38	Count and Say	25.3%	Easy
39	Combination Sum	28.0%	Medium
40	Combination Sum II	25.1%	Medium
41	First Missing Positive	22.9%	Hard
42	Trapping Rain Water	30.0%	Hard
43	Multiply Strings	21.0%	Medium
44	Wildcard Matching	15.0%	Hard
45	Jump Game II	24.2%	Hard
46	Permutations	31.9%	Medium
47	Permutations II	25.8%	Hard
48	Rotate Image	32.0%	Medium
49	Anagrams	24.4%	Medium
50	Pow(x, n)	26.7%	Medium
51	N-Queens	26.4%	Hard
52	N-Queens II	35.9%	Hard
53	Maximum Subarray	34.4%	Medium
54	Spiral Matrix	20.8%	Medium
55	Jump Game	27.0%	Medium
56	Merge Intervals	22.4%	Hard
57	Insert Interval	21.5%	Hard
58	Length of Last Word	27.9%	Easy
59	Spiral Matrix II	31.8%	Medium
60	Permutation Sequence	22.8%	Medium
61	Rotate List	21.7%	Medium
62	Unique Paths	32.9%	Medium
63	Unique Paths II	28.0%	Medium
64	Minimum Path Sum	32.2%	Medium
65	Valid Number	11.4%	Hard
66	Plus One	30.3%	Easy
67	Add Binary	24.8%	Easy
68	Text Justification	14.6%	Hard
69	Sqrt(x)	23.1%	Medium
70	Climbing Stairs	34.4%	Easy
71	Simplify Path	20.0%	Medium
72	Edit Distance	26.3%	Hard
73	Set Matrix Zeroes	31.4%	Medium
74	Search a 2D Matrix	31.6%	Medium
75	Sort Colors	32.5%	Medium
76	Minimum Window Substring	18.9%	Hard
77	Combinations	30.9%	Medium
78	Subsets	28.2%	Medium
79	Word Search	20.4%	Medium
80	Remove Duplicates from Sorted Array II	30.5%	Medium
81	Search in Rotated Sorted Array II	31.3%	Medium
82	Remove Duplicates from Sorted List II	25.0%	Medium
83	Remove Duplicates from Sorted List	34.5%	Easy
84	Largest Rectangle in Histogram	22.6%	Hard
85	Maximal Rectangle	22.1%	Hard
86	Partition List	27.4%	Medium
87	Scramble String	24.3%	Hard
88	Merge Sorted Array	29.4%	Easy
89	Gray Code	32.8%	Medium
90	Subsets II	27.7%	Medium
91	Decode Ways	16.3%	Medium
92	Reverse Linked List II	26.1%	Medium
93	Restore IP Addresses	21.0%	Medium
94	Binary Tree Inorder Traversal	36.3%	Medium
95	Unique Binary Search Trees II	28.0%	Medium
96	Unique Binary Search Trees	35.8%	Medium
97	Interleaving String	20.8%	Hard
98	Validate Binary Search Tree	20.4%	Medium
99	Recover Binary Search Tree	24.3%	Hard
100	Same Tree	41.5%	Easy
101	Symmetric Tree	31.6%	Easy
102	Binary Tree Level Order Traversal	29.3%	Easy
103	Binary Tree Zigzag Level Order Traversal	26.4%	Medium
104	Maximum Depth of Binary Tree	45.1%	Easy
105	Construct Binary Tree from Preorder and Inorder Traversal	26.3%	Medium
106	Construct Binary Tree from Inorder and Postorder Traversal	26.8%	Medium
107	Binary Tree Level Order Traversal II	30.9%	Easy
108	Convert Sorted Array to Binary Search Tree	33.9%	Medium
109	Convert Sorted List to Binary Search Tree	27.9%	Medium
110	Balanced Binary Tree	31.9%	Easy
111	Minimum Depth of Binary Tree	29.0%	Easy
112	Path Sum	29.8%	Easy
113	Path Sum II	26.6%	Medium
114	Flatten Binary Tree to Linked List	28.8%	Medium
115	Distinct Subsequences	26.4%	Hard
116	Populating Next Right Pointers in Each Node	36.2%	Medium
117	Populating Next Right Pointers in Each Node II	32.0%	Hard
118	Pascal&#39;s Triangle	30.1%	Easy
119	Pascal&#39;s Triangle II	29.5%	Easy
120	Triangle	27.4%	Medium
121	Best Time to Buy and Sell Stock	32.7%	Medium
122	Best Time to Buy and Sell Stock II	38.4%	Medium
123	Best Time to Buy and Sell Stock III	23.9%	Hard
124	Binary Tree Maximum Path Sum	21.5%	Hard
125	Valid Palindrome	22.0%	Easy
126	Word Ladder II	13.0%	Hard
127	Word Ladder	19.3%	Medium
128	Longest Consecutive Sequence	29.5%	Hard
129	Sum Root to Leaf Numbers	30.3%	Medium
130	Surrounded Regions	14.7%	Medium
131	Palindrome Partitioning	26.8%	Medium
132	Palindrome Partitioning II	19.8%	Hard
133	Clone Graph	24.1%	Medium
134	Gas Station	25.8%	Medium
135	Candy	20.6%	Hard
136	Single Number	45.1%	Medium
137	Single Number II	35.0%	Medium
138	Copy List with Random Pointer	25.2%	Hard
139	Word Break	23.0%	Medium
140	Word Break II	17.7%	Hard
141	Linked List Cycle	36.3%	Medium
142	Linked List Cycle II	31.4%	Medium
143	Reorder List	21.0%	Medium
144	Binary Tree Preorder Traversal	36.3%	Medium
145	Binary Tree Postorder Traversal	32.5%	Hard
146	LRU Cache	15.1%	Hard
147	Insertion Sort List	26.6%	Medium
148	Sort List	22.1%	Medium
149	Max Points on a Line	12.7%	Hard
150	Evaluate Reverse Polish Notation	21.2%	Medium
151	Reverse Words in a String	15.1%	Medium
152	Maximum Product Subarray	19.4%	Medium
153	Find Minimum in Rotated Sorted Array	33.3%	Medium
154	Find Minimum in Rotated Sorted Array II	31.9%	Hard
155	Min Stack	18.8%	Easy
156	Binary Tree Upside Down	34.3%	Medium
157	Read N Characters Given Read4	29.7%	Easy
158	Read N Characters Given Read4 II - Call multiple times	22.5%	Hard
159	Longest Substring with At Most Two Distinct Characters	30.4%	Hard
160	Intersection of Two Linked Lists	29.0%	Easy
161	One Edit Distance	24.2%	Medium
162	Find Peak Element	31.6%	Medium
163	Missing Ranges	24.2%	Medium
164	Maximum Gap	24.4%	Hard
165	Compare Version Numbers	15.2%	Easy
166	Fraction to Recurring Decimal	12.8%	Medium
167	Two Sum II - Input array is sorted	43.5%	Medium
168	Excel Sheet Column Title	18.2%	Easy
169	Majority Element	35.4%	Easy
170	Two Sum III - Data structure design	24.9%	Easy
171	Excel Sheet Column Number	36.5%	Easy
172	Factorial Trailing Zeroes	28.7%	Easy
173	Binary Search Tree Iterator	29.4%	Medium
174	Dungeon Game	17.9%	Hard
179	Largest Number	15.8%	Medium
186	Reverse Words in a String II	31.4%	Medium
187	Repeated DNA Sequences	19.8%	Medium
188	Best Time to Buy and Sell Stock IV	17.8%	Hard
189	Rotate Array	17.9%	Easy
190	Reverse Bits	28.4%	Easy
191	Number of 1 Bits	37.6%	Easy
198	House Robber	29.0%	Easy
199	Binary Tree Right Side View	27.4%	Medium
200	Number of Islands	22.2%	Medium
201	Bitwise AND of Numbers Range	24.1%	Medium
202	Happy Number	31.4%	Easy
203	Remove Linked List Elements	26.0%	Easy
204	Count Primes	19.3%	Easy
205	Isomorphic Strings	24.4%	Easy
206	Reverse Linked List	31.9%	Easy
207	Course Schedule	21.7%	Medium
208	Implement Trie (Prefix Tree)	25.0%	Medium
209	Minimum Size Subarray Sum	23.2%	Medium
210	Course Schedule II	19.5%	Medium
211	Add and Search Word - Data structure design	20.6%	Medium
212	Word Search II	14.9%	Hard
213	House Robber II	26.5%	Medium
214	Shortest Palindrome	16.3%	Hard
215	Kth Largest Element in an Array	27.4%	Medium
216	Combination Sum III	28.2%	Medium
217	Contains Duplicate	36.1%	Easy
218	The Skyline Problem	16.4%	Hard
219	Contains Duplicate II	25.6%	Easy
220	Contains Duplicate III	15.3%	Medium
221	Maximal Square	19.8%	Medium
222	Count Complete Tree Nodes	20.3%	Medium
223	Rectangle Area	25.5%	Easy
224	Basic Calculator	16.3%	Medium
225	Implement Stack using Queues	30.3%	Easy
226	Invert Binary Tree	35.8%	Easy
227	Basic Calculator II	18.0%	Medium
228	Summary Ranges	19.2%	Easy
229	Majority Element II	21.4%	Medium
230	Kth Smallest Element in a BST	29.7%	Medium
231	Power of Two	30.0%	Easy
232	Implement Queue using Stacks	34.2%	Easy
233	Number of Digit One	19.3%	Medium
234	Palindrome Linked List	23.2%	Easy
235	Lowest Common Ancestor of a Binary Search Tree	38.9%	Easy
236	Lowest Common Ancestor of a Binary Tree	26.7%	Medium
237	Delete Node in a Linked List	48.0%	Easy
238	Product of Array Except Self	36.6%	Medium
